duration,protocol_type,service,flag,src_bytes,dst_bytes,land,wrong_fragment,urgent,hot,num_failed_logins,logged_in,num_compromised,root_shell,su_attempted,num_root,num_file_creations,num_shells,num_access_files,num_outbound_cmds,is_host_login,is_guest_login,count,srv_count,serror_rate,srv_serror_rate,rerror_rate,srv_rerror_rate,same_srv_rate,diff_srv_rate,srv_diff_host_rate,dst_host_count,dst_host_srv_count,dst_host_same_srv_rate,dst_host_diff_srv_rate,dst_host_same_src_port_rate,dst_host_srv_diff_host_rate,dst_host_serror_rate,dst_host_srv_serror_rate,dst_host_rerror_rate,dst_host_srv_rerror_rate
0,1,21,0,0,0,0,0,0,0,0,0,0,0,0,0,0,0,0,0,0,0,229,10,0.0,0.0,1.0,1.0,0.04,0.06,0.0,255,10,0.04,0.06,0.0,0.0,0.0,0.0,1.0,1.0
0,1,21,0,0,0,0,0,0,0,0,0,0,0,0,0,0,0,0,0,0,0,136,1,0.0,0.0,1.0,1.0,0.01,0.06,0.0,255,1,0.0,0.06,0.0,0.0,0.0,0.0,1.0,1.0
2,1,10,5,12983,0,0,0,0,0,0,0,0,0,0,0,0,0,0,0,0,0,1,1,0.0,0.0,0.0,0.0,1.0,0.0,0.0,134,86,0.61,0.04,0.61,0.02,0.0,0.0,0.0,0.0
0,0,6,5,20,0,0,0,0,0,0,0,0,0,0,0,0,0,0,0,0,0,1,65,0.0,0.0,0.0,0.0,1.0,0.0,1.0,3,57,1.0,0.0,1.0,0.28,0.0,0.0,0.0,0.0
1,1,25,1,0,15,0,0,0,0,0,0,0,0,0,0,0,0,0,0,0,0,1,8,0.0,0.12,1.0,0.5,1.0,0.0,0.75,29,86,0.31,0.17,0.03,0.02,0.0,0.0,0.83,0.71
0,1,11,5,267,14515,0,0,0,0,0,1,0,0,0,0,0,0,0,0,0,0,4,4,0.0,0.0,0.0,0.0,1.0,0.0,0.0,155,255,1.0,0.0,0.01,0.03,0.01,0.0,0.0,0.0
0,1,22,5,1022,387,0,0,0,0,0,1,0,0,0,0,0,0,0,0,0,0,1,3,0.0,0.0,0.0,0.0,1.0,0.0,1.0,255,28,0.11,0.72,0.0,0.0,0.0,0.0,0.72,0.04
0,1,25,5,129,174,0,0,0,0,1,0,0,0,0,0,0,0,0,0,0,0,1,1,0.0,0.0,0.0,0.0,1.0,0.0,0.0,255,255,1.0,0.0,0.0,0.0,0.01,0.01,0.02,0.02
0,1,11,5,327,467,0,0,0,0,0,1,0,0,0,0,0,0,0,0,0,0,33,47,0.0,0.0,0.0,0.0,1.0,0.0,0.04,151,255,1.0,0.0,0.01,0.03,0.0,0.0,0.0,0.0
0,1,9,5,26,157,0,0,0,0,1,0,0,0,0,0,0,0,0,0,0,1,1,1,0.0,0.0,0.0,0.0,1.0,0.0,0.0,52,26,0.5,0.08,0.02,0.0,0.0,0.0,0.0,0.0
0,1,25,5,0,0,0,0,0,0,0,0,0,0,0,0,0,0,0,0,0,0,1,1,0.0,0.0,0.0,0.0,1.0,0.0,0.0,255,128,0.5,0.01,0.0,0.0,0.0,0.0,0.66,0.32
0,1,22,5,616,330,0,0,0,0,0,1,0,0,0,0,0,0,0,0,0,0,1,2,0.0,0.0,0.0,0.0,1.0,0.0,1.0,255,129,0.51,0.03,0.0,0.0,0.0,0.0,0.33,0.0
0,1,21,0,0,0,0,0,0,0,0,0,0,0,0,0,0,0,0,0,0,0,111,2,0.0,0.0,1.0,1.0,0.02,0.07,0.0,255,2,0.01,0.07,0.0,0.0,0.0,0.0,1.0,1.0
0,1,25,3,0,0,0,0,0,0,0,0,0,0,0,0,0,0,0,0,0,0,120,120,1.0,1.0,0.0,0.0,1.0,0.0,0.0,235,171,0.73,0.07,0.0,0.0,0.69,0.95,0.02,0.0
37,1,25,5,773,364200,0,0,0,0,0,1,0,0,0,0,0,0,0,0,0,0,1,1,0.0,0.0,0.0,0.0,1.0,0.0,0.0,38,73,0.16,0.05,0.03,0.04,0.0,0.77,0.0,0.07
0,1,11,5,350,3610,0,0,0,0,0,1,0,0,0,0,0,0,0,0,0,0,8,8,0.0,0.0,0.0,0.0,1.0,0.0,0.0,71,255,1.0,0.0,0.01,0.04,0.0,0.0,0.0,0.0
0,1,11,5,213,659,0,0,0,0,0,1,0,0,0,0,0,0,0,0,0,0,24,24,0.0,0.0,0.0,0.0,1.0,0.0,0.0,255,255,1.0,0.0,0.0,0.0,0.0,0.0,0.0,0.0
0,1,11,5,246,2090,0,0,0,0,0,1,0,0,0,0,0,0,0,0,0,0,16,16,0.0,0.0,0.0,0.0,1.0,0.0,0.0,35,255,1.0,0.0,0.03,0.05,0.0,0.0,0.0,0.0
0,2,21,5,45,44,0,0,0,0,0,0,0,0,0,0,0,0,0,0,0,0,505,505,0.0,0.0,0.0,0.0,1.0,0.0,0.0,255,255,1.0,0.0,1.0,0.0,0.0,0.0,0.0,0.0
0,1,21,0,0,0,0,0,0,0,0,0,0,0,0,0,0,0,0,0,0,0,204,18,0.0,0.0,1.0,1.0,0.09,0.07,0.0,255,18,0.07,0.07,0.0,0.0,0.0,0.0,1.0,1.0
0,1,14,0,0,0,0,0,0,0,0,0,0,0,0,0,0,0,0,0,0,0,118,19,0.0,0.0,1.0,1.0,0.16,0.05,0.0,255,19,0.07,0.05,0.0,0.0,0.0,0.0,1.0,1.0
0,1,20,3,0,0,0,0,0,0,0,0,0,0,0,0,0,0,0,0,0,0,1,1,1.0,1.0,0.0,0.0,1.0,0.0,0.0,255,87,0.34,0.01,0.01,0.0,1.0,1.0,0.0,0.0
0,1,11,5,196,1823,0,0,0,0,0,1,0,0,0,0,0,0,0,0,0,0,17,17,0.0,0.0,0.0,0.0,1.0,0.0,0.0,255,255,1.0,0.0,0.0,0.0,0.0,0.0,0.0,0.0
0,1,11,5,277,1816,0,0,0,0,0,1,0,0,0,0,0,0,0,0,0,0,17,18,0.0,0.0,0.0,0.0,1.0,0.0,0.11,36,255,1.0,0.0,0.03,0.02,0.0,0.0,0.0,0.0
0,1,2,0,0,0,0,0,0,0,0,0,0,0,0,0,0,0,0,0,0,0,116,8,0.0,0.0,1.0,1.0,0.07,0.07,0.0,255,8,0.03,0.06,0.0,0.0,0.0,0.0,1.0,1.0
0,1,4,1,0,0,0,0,0,0,0,0,0,0,0,0,0,0,0,0,0,0,273,13,0.0,0.0,1.0,1.0,0.05,0.06,0.0,255,13,0.05,0.06,0.0,0.0,0.0,0.0,1.0,1.0
0,1,11,5,294,6442,0,0,0,0,0,1,0,0,0,0,0,0,0,0,0,0,22,46,0.0,0.0,0.0,0.0,1.0,0.0,0.11,180,255,1.0,0.0,0.01,0.01,0.0,0.0,0.0,0.0
0,1,11,5,300,440,0,0,0,0,0,1,0,0,0,0,0,0,0,0,0,0,7,7,0.0,0.0,0.0,0.0,1.0,0.0,0.0,255,255,1.0,0.0,0.0,0.0,0.0,0.0,0.0,0.0
0,0,7,5,520,0,0,0,0,0,0,0,0,0,0,0,0,0,0,0,0,0,511,511,0.0,0.0,0.0,0.0,1.0,0.0,0.0,46,59,1.0,0.0,1.0,0.14,0.0,0.0,0.0,0.0
0,2,21,5,54,51,0,0,0,0,0,0,0,0,0,0,0,0,0,0,0,0,511,511,0.0,0.0,0.0,0.0,1.0,0.0,0.0,255,255,1.0,0.0,0.83,0.0,0.0,0.0,0.0,0.0
805,1,11,2,76944,1,0,0,0,0,0,1,0,0,0,0,0,0,0,0,0,0,12,12,0.0,0.0,1.0,1.0,1.0,0.0,0.0,241,238,0.99,0.01,0.0,0.0,0.0,0.0,0.07,0.07
0,1,22,5,720,281,0,0,0,0,0,1,0,0,0,0,0,0,0,0,0,0,1,2,0.0,0.0,0.0,0.0,1.0,0.0,1.0,158,82,0.52,0.06,0.01,0.0,0.01,0.0,0.0,0.0
0,1,11,5,301,19794,0,0,0,0,0,1,0,0,0,0,0,0,0,0,0,0,15,15,0.0,0.0,0.0,0.0,1.0,0.0,0.0,20,255,1.0,0.0,0.05,0.02,0.05,0.0,0.0,0.0
0,2,21,5,1,1,0,0,0,0,0,0,0,0,0,0,0,0,0,0,0,0,40,3,0.0,0.0,0.0,0.0,0.08,0.38,0.0,255,3,0.01,0.58,0.99,0.0,0.0,0.0,0.01,0.0
0,1,21,0,0,0,0,0,0,0,0,0,0,0,0,0,0,0,0,0,0,0,483,1,0.05,0.0,0.92,1.0,0.0,1.0,0.0,255,1,0.0,1.0,0.0,0.0,0.0,0.0,0.96,1.0
0,1,12,1,0,44,0,0,0,0,0,0,0,0,0,0,0,0,0,0,0,0,2,2,0.0,0.0,1.0,1.0,0.5,1.0,1.0,185,59,0.24,0.03,0.01,0.03,0.01,0.0,0.89,0.95
0,1,11,5,209,12894,0,0,0,0,0,1,0,0,0,0,0,0,0,0,0,0,11,11,0.0,0.0,0.0,0.0,1.0,0.0,0.0,255,255,1.0,0.0,0.0,0.0,0.0,0.0,0.0,0.0
8,1,9,5,220,688,0,0,0,4,0,1,0,0,0,0,4,0,0,0,0,0,1,1,0.0,0.0,0.0,0.0,1.0,0.0,0.0,53,27,0.51,0.08,0.02,0.0,0.0,0.0,0.0,0.0
0,2,5,5,43,71,0,0,0,0,0,0,0,0,0,0,0,0,0,0,0,0,113,113,0.0,0.0,0.0,0.0,1.0,0.0,0.0,255,254,1.0,0.01,0.0,0.0,0.0,0.0,0.0,0.0
0,1,10,5,88382,0,0,0,0,0,0,0,0,0,0,0,0,0,0,0,0,0,15,15,0.0,0.0,0.0,0.0,1.0,0.0,0.0,203,114,0.38,0.01,0.38,0.02,0.0,0.0,0.0,0.0
0,1,21,3,0,0,0,0,0,0,0,0,0,0,0,0,0,0,0,0,0,0,144,8,1.0,1.0,0.0,0.0,0.06,0.06,0.0,255,8,0.03,0.06,0.0,0.0,1.0,1.0,0.0,0.0
0,1,11,5,277,4968,0,0,0,0,0,1,0,0,0,0,0,0,0,0,0,0,13,13,0.0,0.0,0.0,0.0,1.0,0.0,0.0,13,255,1.0,0.0,0.08,0.01,0.0,0.0,0.0,0.0
0,1,11,5,321,2715,0,0,0,0,0,1,0,0,0,0,0,0,0,0,0,0,29,37,0.03,0.05,0.0,0.0,1.0,0.0,0.08,29,255,1.0,0.0,0.03,0.04,0.03,0.0,0.0,0.0
0,1,11,5,335,3228,0,0,0,0,0,1,0,0,0,0,0,0,0,0,0,0,49,50,0.0,0.0,0.0,0.0,1.0,0.0,0.04,255,255,1.0,0.0,0.0,0.0,0.0,0.0,0.0,0.0
0,1,16,0,0,0,0,0,0,0,0,0,0,0,0,0,0,0,0,0,0,0,266,8,0.0,0.0,1.0,1.0,0.03,0.06,0.0,255,8,0.03,0.06,0.0,0.0,0.0,0.0,1.0,1.0
0,1,11,5,234,3236,0,0,0,0,0,1,0,0,0,0,0,0,0,0,0,0,8,21,0.0,0.0,0.0,0.0,1.0,0.0,0.1,255,255,1.0,0.0,0.0,0.0,0.0,0.0,0.0,0.0
0,1,24,3,0,0,0,0,0,0,0,0,0,0,0,0,0,0,0,0,0,0,281,6,1.0,1.0,0.0,0.0,0.02,0.06,0.0,255,6,0.02,0.07,0.0,0.0,1.0,1.0,0.0,0.0
0,1,11,5,54540,8314,0,0,0,2,0,1,1,0,0,0,0,0,0,0,0,0,4,24,0.0,0.0,0.0,0.0,1.0,0.0,0.08,255,250,0.98,0.01,0.0,0.0,0.0,0.0,0.06,0.06
0,1,25,3,0,0,0,0,0,0,0,0,0,0,0,0,0,0,0,0,0,0,1,12,1.0,0.33,0.0,0.67,1.0,0.0,0.92,91,86,0.34,0.03,0.01,0.03,1.0,1.0,0.0,0.0
0,2,21,5,46,45,0,0,0,0,0,0,0,0,0,0,0,0,0,0,0,0,68,68,0.0,0.0,0.0,0.0,1.0,0.0,0.0,255,255,1.0,0.0,0.26,0.0,0.0,0.0,0.0,0.0
0,1,11,5,318,488,0,0,0,0,0,1,0,0,0,0,0,0,0,0,0,0,3,16,0.0,0.0,0.0,0.0,1.0,0.0,0.12,3,156,1.0,0.0,0.33,0.04,0.0,0.01,0.0,0.0
0,1,11,5,256,4926,0,0,0,0,0,1,0,0,0,0,0,0,0,0,0,0,1,41,0.0,0.0,0.0,0.0,1.0,0.0,0.07,255,241,0.95,0.02,0.0,0.0,0.0,0.0,0.0,0.0
0,1,13,0,0,0,0,0,0,0,0,0,0,0,0,0,0,0,0,0,0,0,239,7,0.0,0.0,1.0,1.0,0.03,0.06,0.0,255,7,0.03,0.07,0.0,0.0,0.0,0.0,1.0,1.0
0,1,21,0,0,0,0,0,0,0,0,0,0,0,0,0,0,0,0,0,0,0,201,3,0.0,0.0,1.0,1.0,0.01,0.08,0.0,255,3,0.01,0.08,0.0,0.0,0.0,0.0,1.0,1.0
282,1,9,5,160,599,0,0,0,2,0,1,0,0,0,0,0,0,0,0,0,1,1,1,0.0,0.0,0.0,0.0,1.0,0.0,0.0,255,37,0.15,0.02,0.0,0.0,0.0,0.0,0.44,0.0
0,1,11,5,229,509,0,0,0,0,0,1,0,0,0,0,0,0,0,0,0,0,1,1,0.0,0.0,0.0,0.0,1.0,0.0,0.0,21,255,1.0,0.0,0.05,0.04,0.0,0.0,0.0,0.0
0,1,12,0,0,0,0,0,0,0,0,0,0,0,0,0,0,0,0,0,0,0,280,8,0.0,0.0,1.0,1.0,0.03,0.06,0.0,255,8,0.03,0.06,0.0,0.0,0.0,0.0,1.0,1.0
0,2,21,5,105,146,0,0,0,0,0,0,0,0,0,0,0,0,0,0,0,0,2,2,0.0,0.0,0.0,0.0,1.0,0.0,0.0,9,9,1.0,0.0,0.11,0.0,0.0,0.0,0.0,0.0
7428,1,25,5,0,44,0,0,0,0,0,0,0,0,0,0,0,0,0,0,0,0,1,1,0.0,0.0,0.0,0.0,1.0,0.0,0.0,255,217,0.85,0.03,0.0,0.0,0.33,0.39,0.12,0.06
0,1,11,5,282,396,0,0,0,0,0,1,0,0,0,0,0,0,0,0,0,0,8,8,0.0,0.0,0.0,0.0,1.0,0.0,0.0,255,255,1.0,0.0,0.0,0.0,0.0,0.0,0.0,0.0
4,1,20,5,28,93,0,0,0,0,0,1,0,0,0,0,0,0,0,0,0,0,1,1,0.0,0.0,0.0,0.0,1.0,0.0,0.0,255,249,0.98,0.02,0.0,0.0,0.0,0.0,0.0,0.0
280,1,10,5,283618,0,0,0,0,0,0,0,0,0,0,0,0,0,0,0,0,0,2,2,0.0,0.0,0.0,0.0,1.0,0.0,0.0,7,10,0.86,0.29,0.86,0.2,0.0,0.0,0.0,0.0
0,1,11,5,233,2239,0,0,0,0,0,1,0,0,0,0,0,0,0,0,0,0,3,3,0.0,0.0,0.0,0.0,1.0,0.0,0.0,255,197,0.77,0.02,0.0,0.0,0.0,0.0,0.0,0.0
0,1,11,5,257,8712,0,0,0,0,0,1,0,0,0,0,0,0,0,0,0,0,2,20,0.0,0.0,0.0,0.0,1.0,0.0,0.2,255,255,1.0,0.0,0.0,0.0,0.0,0.0,0.0,0.0
0,1,19,0,0,0,0,0,0,0,0,0,0,0,0,0,0,0,0,0,0,0,412,1,0.15,0.0,0.83,1.0,0.0,1.0,0.0,255,1,0.0,0.96,0.0,0.0,0.1,0.0,0.89,1.0
0,1,11,5,214,645,0,0,0,0,0,1,0,0,0,0,0,0,0,0,0,0,30,30,0.0,0.0,0.0,0.0,1.0,0.0,0.0,255,255,1.0,0.0,0.0,0.0,0.0,0.0,0.0,0.0
0,1,25,0,0,0,0,0,0,0,0,0,0,0,0,0,0,0,0,0,0,0,4,6,0.0,0.0,1.0,1.0,0.25,1.0,0.83,106,85,0.29,0.05,0.01,0.02,0.02,0.0,0.91,0.67
0,1,21,0,0,0,0,0,0,0,0,0,0,0,0,0,0,0,0,0,0,0,109,13,0.0,0.0,1.0,1.0,0.12,0.06,0.0,255,13,0.05,0.07,0.0,0.0,0.0,0.0,1.0,1.0
0,1,22,3,0,0,0,0,0,0,0,0,0,0,0,0,0,0,0,0,0,0,114,1,1.0,1.0,0.0,0.0,0.01,0.06,0.0,255,1,0.0,0.05,0.0,0.0,1.0,1.0,0.0,0.0
0,1,11,5,203,651,0,0,0,0,0,1,0,0,0,0,0,0,0,0,0,0,19,19,0.0,0.0,0.0,0.0,1.0,0.0,0.0,255,255,1.0,0.0,0.0,0.0,0.0,0.0,0.0,0.0
0,1,21,0,0,0,0,0,0,0,0,0,0,0,0,0,0,0,0,0,0,0,216,14,0.0,0.0,1.0,1.0,0.06,0.06,0.0,255,14,0.05,0.07,0.0,0.0,0.0,0.0,1.0,1.0
0,1,22,5,0,83,0,0,0,0,0,1,0,0,0,0,0,0,0,0,0,0,1,2,0.0,0.0,0.0,0.0,1.0,0.0,1.0,61,146,0.8,0.07,0.02,0.01,0.0,0.0,0.0,0.01
0,1,11,5,307,484,0,0,0,0,0,1,0,0,0,0,0,0,0,0,0,0,2,2,0.0,0.0,0.0,0.0,1.0,0.0,0.0,10,255,1.0,0.0,0.1,0.05,0.0,0.0,0.0,0.0
0,1,11,5,320,1667,0,0,0,0,0,1,0,0,0,0,0,0,0,0,0,0,8,30,0.0,0.0,0.0,0.0,1.0,0.0,0.17,85,253,1.0,0.0,0.01,0.04,0.0,0.0,0.0,0.0
0,1,3,0,0,0,0,0,0,0,0,0,0,0,0,0,0,0,0,0,0,0,251,3,0.0,0.0,1.0,1.0,0.01,0.06,0.0,255,3,0.01,0.06,0.0,0.0,0.0,0.0,1.0,1.0
0,1,11,5,215,430,0,0,0,0,0,1,0,0,0,0,0,0,0,0,0,0,1,1,0.0,0.0,0.0,0.0,1.0,0.0,0.0,40,255,1.0,0.0,0.03,0.04,0.0,0.0,0.0,0.0
0,1,11,5,358,3691,0,0,0,0,0,1,0,0,0,0,0,0,0,0,0,0,11,11,0.0,0.0,0.0,0.0,1.0,0.0,0.0,81,255,1.0,0.0,0.01,0.03,0.0,0.0,0.0,0.0
8092,1,25,5,0,15,0,0,0,0,0,0,0,0,0,0,0,0,0,0,0,0,1,1,0.0,0.0,0.0,0.0,1.0,0.0,0.0,255,67,0.26,0.03,0.0,0.0,0.0,0.01,0.11,0.19
0,1,11,5,270,1332,0,0,0,0,0,1,0,0,0,0,0,0,0,0,0,0,2,2,0.0,0.0,0.0,0.0,1.0,0.0,0.0,7,255,1.0,0.0,0.14,0.04,0.0,0.0,0.0,0.0
0,1,11,5,337,283,0,0,0,0,0,1,0,0,0,0,0,0,0,0,0,0,24,29,0.0,0.0,0.0,0.0,1.0,0.0,0.1,255,255,1.0,0.0,0.0,0.0,0.0,0.0,0.0,0.0
0,1,21,0,0,0,0,0,0,0,0,0,0,0,0,0,0,0,0,0,0,0,267,19,0.01,0.0,0.99,1.0,0.07,0.06,0.0,255,19,0.07,0.06,0.0,0.0,0.01,0.0,0.99,1.0
0,1,21,0,0,0,0,0,0,0,0,0,0,0,0,0,0,0,0,0,0,0,231,6,0.0,0.0,1.0,1.0,0.03,0.07,0.0,255,6,0.02,0.07,0.0,0.0,0.0,0.0,1.0,1.0
0,0,7,5,1480,0,0,1,0,0,0,0,0,0,0,0,0,0,0,0,0,0,1,1,0.0,0.0,0.0,0.0,1.0,0.0,0.0,1,25,1.0,0.0,1.0,0.52,0.0,0.0,0.0,0.0
0,1,11,5,219,1310,0,0,0,0,0,1,0,0,0,0,0,0,0,0,0,0,4,4,0.0,0.0,0.0,0.0,1.0,0.0,0.0,4,251,1.0,0.0,0.25,0.08,0.0,0.0,0.0,0.0
0,1,11,5,258,1012,0,0,0,0,0,1,0,0,0,0,0,0,0,0,0,0,26,26,0.0,0.0,0.0,0.0,1.0,0.0,0.0,255,255,1.0,0.0,0.0,0.0,0.0,0.0,0.0,0.0
0,1,11,5,324,1093,0,0,0,0,0,1,0,0,0,0,0,0,0,0,0,0,5,8,0.0,0.0,0.0,0.0,1.0,0.0,0.38,69,255,1.0,0.0,0.01,0.01,0.0,0.0,0.0,0.0
0,1,8,1,0,0,0,0,0,0,0,0,0,0,0,0,0,0,0,0,0,0,58,19,0.0,0.0,1.0,1.0,0.33,0.07,0.0,255,62,0.24,0.11,0.0,0.0,0.0,0.0,1.0,1.0
0,1,20,1,0,36,0,0,0,0,0,1,0,0,0,0,0,0,0,0,0,0,3,7,0.0,0.0,1.0,1.0,0.33,1.0,1.0,189,60,0.24,0.03,0.01,0.03,0.0,0.0,0.88,0.98
0,1,11,5,236,10503,0,0,0,0,0,1,0,0,0,0,0,0,0,0,0,0,3,3,0.0,0.0,0.0,0.0,1.0,0.0,0.0,255,255,1.0,0.0,0.0,0.0,0.0,0.0,0.0,0.0
0,1,10,5,1699,0,0,0,0,0,0,0,0,0,0,0,0,0,0,0,0,0,1,1,0.0,0.0,0.0,0.0,1.0,0.0,0.0,36,7,0.19,0.11,0.19,0.0,0.0,0.0,0.0,0.0
0,1,11,5,327,910,0,0,0,0,0,1,0,0,0,0,0,0,0,0,0,0,14,15,0.0,0.0,0.0,0.0,1.0,0.0,0.13,14,255,1.0,0.0,0.07,0.03,0.0,0.0,0.0,0.0
0,1,11,5,303,2789,0,0,0,0,0,1,0,0,0,0,0,0,0,0,0,0,8,8,0.0,0.0,0.0,0.0,1.0,0.0,0.0,255,255,1.0,0.0,0.0,0.0,0.0,0.0,0.0,0.0
0,1,21,0,0,0,0,0,0,0,0,0,0,0,0,0,0,0,0,0,0,0,103,4,0.0,0.0,1.0,1.0,0.04,0.06,0.0,255,4,0.02,0.06,0.0,0.0,0.0,0.0,1.0,1.0
0,1,19,0,0,0,0,0,0,0,0,0,0,0,0,0,0,0,0,0,0,0,1,1,0.0,0.0,1.0,1.0,1.0,0.0,0.0,255,13,0.05,0.02,0.0,0.0,0.0,0.0,0.06,1.0
3,1,20,5,28,93,0,0,0,0,0,1,0,0,0,0,0,0,0,0,0,0,1,1,0.0,0.0,0.0,0.0,1.0,0.0,0.0,255,254,1.0,0.01,0.0,0.0,0.0,0.0,0.0,0.0
0,1,22,5,0,83,0,0,0,0,0,1,0,0,0,0,0,0,0,0,0,0,1,1,0.0,0.0,0.0,0.0,1.0,0.0,0.0,110,25,0.23,0.13,0.01,0.0,0.0,0.0,0.0,0.0
0,1,11,5,282,4532,0,0,0,0,0,1,0,0,0,0,0,0,0,0,0,0,6,6,0.0,0.0,0.0,0.0,1.0,0.0,0.0,96,255,1.0,0.0,0.01,0.02,0.0,0.0,0.0,0.0
0,2,5,5,44,113,0,0,0,0,0,0,0,0,0,0,0,0,0,0,0,0,3,5,0.0,0.0,0.0,0.0,1.0,0.0,0.4,255,253,0.99,0.01,0.0,0.0,0.0,0.0,0.0,0.0
0,1,21,6,0,0,0,0,0,0,0,0,0,0,0,0,0,0,0,0,0,0,1,1,1.0,1.0,0.0,0.0,1.0,0.0,0.0,30,1,0.03,1.0,1.0,0.0,1.0,1.0,0.0,0.0
0,1,26,1,0,0,0,0,0,0,0,0,0,0,0,0,0,0,0,0,0,0,119,7,0.0,0.0,1.0,1.0,0.06,0.07,0.0,255,7,0.03,0.06,0.0,0.0,0.0,0.0,1.0,1.0
0,1,19,3,0,0,0,0,0,0,0,0,0,0,0,0,0,0,0,0,0,0,497,1,0.0,1.0,0.99,0.0,0.0,1.0,0.0,255,1,0.0,1.0,0.0,0.0,0.01,1.0,0.99,0.0
0,1,9,5,26,157,0,0,0,0,1,0,0,0,0,0,0,0,0,0,0,1,1,1,0.0,0.0,0.0,0.0,1.0,0.0,0.0,155,71,0.46,0.03,0.01,0.0,0.0,0.0,0.0,0.0
0,1,21,0,0,0,0,0,0,0,0,0,0,0,0,0,0,0,0,0,0,0,217,6,0.0,0.0,1.0,1.0,0.03,0.07,0.0,255,6,0.02,0.07,0.0,0.0,0.0,0.0,1.0,1.0
0,1,21,0,0,0,0,0,0,0,0,0,0,0,0,0,0,0,0,0,0,0,106,15,0.0,0.0,1.0,1.0,0.14,0.08,0.0,255,15,0.06,0.06,0.0,0.0,0.0,0.0,1.0,1.0
1,1,22,5,995,330,0,0,0,0,0,1,0,0,0,0,0,0,0,0,0,0,1,1,0.0,0.0,0.0,0.0,1.0,0.0,0.0,62,42,0.66,0.05,0.02,0.05,0.0,0.0,0.0,0.0
0,1,21,0,0,0,0,0,0,0,0,0,0,0,0,0,0,0,0,0,0,0,239,12,0.0,0.0,1.0,1.0,0.05,0.07,0.0,255,12,0.05,0.07,0.0,0.0,0.0,0.0,1.0,1.0
31,1,25,5,197,1608,0,0,0,1,0,1,1,0,0,1,2,1,0,0,0,0,1,1,0.0,0.0,0.0,0.0,1.0,0.0,0.0,248,32,0.13,0.03,0.0,0.0,0.0,0.0,0.0,0.0
0,1,11,5,197,1830,0,0,0,0,0,1,0,0,0,0,0,0,0,0,0,0,2,2,0.0,0.0,0.0,0.0,1.0,0.0,0.0,26,229,1.0,0.0,0.04,0.05,0.0,0.0,0.0,0.0
0,1,21,0,0,0,0,0,0,0,0,0,0,0,0,0,0,0,0,0,0,0,117,10,0.0,0.0,1.0,1.0,0.09,0.06,0.0,255,10,0.04,0.05,0.0,0.0,0.0,0.0,1.0,1.0
0,1,11,5,230,843,0,0,0,0,0,1,0,0,0,0,0,0,0,0,0,0,25,25,0.0,0.0,0.0,0.0,1.0,0.0,0.0,25,255,1.0,0.0,0.04,0.06,0.0,0.0,0.0,0.0
0,1,11,5,161,14086,0,0,0,0,0,1,0,0,0,0,0,0,0,0,0,0,1,1,0.0,0.0,0.0,0.0,1.0,0.0,0.0,151,151,1.0,0.0,0.01,0.0,0.0,0.0,0.0,0.0
0,1,21,0,0,0,0,0,0,0,0,0,0,0,0,0,0,0,0,0,0,0,228,15,0.0,0.0,1.0,1.0,0.07,0.07,0.0,255,15,0.06,0.08,0.0,0.0,0.0,0.0,1.0,1.0
8080,1,25,5,0,15,0,0,0,0,0,0,0,0,0,0,0,0,0,0,0,0,1,1,0.0,0.0,0.0,0.0,1.0,0.0,0.0,255,69,0.27,0.03,0.0,0.0,0.0,0.01,0.11,0.19
8124,1,25,5,0,15,0,0,0,0,0,0,0,0,0,0,0,0,0,0,0,0,1,1,0.0,0.0,0.0,0.0,1.0,0.0,0.0,255,60,0.24,0.04,0.0,0.0,0.0,0.02,0.11,0.22
0,1,11,5,224,278,0,0,0,0,0,1,0,0,0,0,0,0,0,0,0,0,3,5,0.0,0.0,0.0,0.0,1.0,0.0,0.4,255,255,1.0,0.0,0.0,0.0,0.0,0.0,0.0,0.0
0,1,21,3,0,0,0,0,0,0,0,0,0,0,0,0,0,0,0,0,0,0,259,20,1.0,1.0,0.0,0.0,0.08,0.07,0.0,255,20,0.08,0.07,0.0,0.0,1.0,1.0,0.0,0.0
0,1,11,5,321,372,0,0,0,0,0,1,0,0,0,0,0,0,0,0,0,0,16,17,0.0,0.0,0.0,0.0,1.0,0.0,0.12,255,255,1.0,0.0,0.0,0.0,0.0,0.0,0.0,0.0
0,0,7,5,1032,0,0,0,0,0,0,0,0,0,0,0,0,0,0,0,0,0,173,173,0.0,0.0,0.0,0.0,1.0,0.0,0.0,255,254,1.0,0.01,1.0,0.0,0.0,0.0,0.0,0.0
0,1,29,0,0,0,0,0,0,0,0,0,0,0,0,0,0,0,0,0,0,0,282,17,0.0,0.0,1.0,1.0,0.06,0.06,0.0,255,17,0.07,0.07,0.0,0.0,0.0,0.0,1.0,1.0
0,2,21,5,48,0,0,0,0,0,0,0,0,0,0,0,0,0,0,0,0,0,5,5,0.0,0.0,0.0,0.0,1.0,0.0,0.0,255,254,1.0,0.01,0.0,0.0,0.0,0.0,0.0,0.0
0,1,11,5,303,289,0,0,0,0,0,1,0,0,0,0,0,0,0,0,0,0,6,11,0.0,0.0,0.0,0.0,1.0,0.0,0.36,30,255,1.0,0.0,0.03,0.01,0.0,0.0,0.0,0.0
0,0,7,5,508,0,0,0,0,0,0,0,0,0,0,0,0,0,0,0,0,0,511,511,0.0,0.0,0.0,0.0,1.0,0.0,0.0,255,192,0.75,0.02,0.75,0.0,0.0,0.0,0.23,0.0
0,1,21,6,0,0,0,0,0,0,0,0,0,0,0,0,0,0,0,0,0,0,1,1,1.0,1.0,0.0,0.0,1.0,0.0,0.0,80,1,0.01,1.0,1.0,0.0,1.0,1.0,0.0,0.0
0,1,21,0,0,0,0,0,0,0,0,0,0,0,0,0,0,0,0,0,0,0,132,12,0.0,0.0,1.0,1.0,0.09,0.05,0.0,255,12,0.05,0.06,0.0,0.0,0.0,0.0,1.0,1.0
0,1,8,5,8,447,0,0,0,0,0,0,0,0,0,0,0,0,0,0,0,0,1,2,0.0,0.0,0.0,0.0,1.0,0.0,1.0,74,10,0.04,0.31,0.01,0.2,0.01,0.0,0.0,0.0
0,2,5,5,43,78,0,0,0,0,0,0,0,0,0,0,0,0,0,0,0,0,208,207,0.0,0.0,0.0,0.0,1.0,0.01,0.0,255,254,1.0,0.01,0.01,0.0,0.0,0.0,0.0,0.0
0,1,25,5,124,174,0,0,0,0,1,0,0,0,0,0,0,0,0,0,0,0,2,2,0.0,0.0,0.0,0.0,1.0,0.0,0.0,255,255,1.0,0.0,0.0,0.0,0.0,0.0,0.02,0.02
0,1,21,0,0,0,0,0,0,0,0,0,0,0,0,0,0,0,0,0,0,0,226,2,0.03,0.0,0.97,1.0,0.01,0.07,0.0,255,2,0.01,0.08,0.0,0.0,0.02,0.0,0.98,1.0
0,1,11,5,257,633,0,0,0,0,0,1,0,0,0,0,0,0,0,0,0,0,3,4,0.0,0.0,0.0,0.0,1.0,0.0,0.5,171,255,1.0,0.0,0.01,0.03,0.0,0.0,0.0,0.0
0,2,5,5,42,42,0,0,0,0,0,0,0,0,0,0,0,0,0,0,0,0,7,12,0.0,0.0,0.0,0.0,1.0,0.0,0.25,220,220,1.0,0.0,0.0,0.0,0.0,0.0,0.0,0.0
0,2,5,5,42,42,0,0,0,0,0,0,0,0,0,0,0,0,0,0,0,0,13,19,0.0,0.0,0.0,0.0,1.0,0.0,0.11,255,255,1.0,0.0,0.01,0.0,0.0,0.0,0.0,0.0
0,1,11,5,219,5881,0,0,0,0,0,1,0,0,0,0,0,0,0,0,0,0,1,49,0.0,0.0,0.0,0.0,1.0,0.0,0.12,1,255,1.0,0.0,1.0,0.03,0.0,0.0,0.0,0.0
0,1,25,4,0,44,0,0,0,0,0,0,0,0,0,0,0,0,0,0,0,0,1,1,1.0,1.0,0.0,0.0,1.0,0.0,0.0,255,117,0.46,0.02,0.0,0.0,0.53,0.37,0.01,0.01
0,1,11,5,260,4027,0,0,0,0,0,1,0,0,0,0,0,0,0,0,0,0,11,11,0.0,0.0,0.0,0.0,1.0,0.0,0.0,105,255,1.0,0.0,0.01,0.02,0.0,0.0,0.0,0.0
7554,1,25,5,0,44,0,0,0,0,0,0,0,0,0,0,0,0,0,0,0,0,1,1,0.0,0.0,0.0,0.0,1.0,0.0,0.0,255,169,0.66,0.31,0.0,0.0,0.5,0.75,0.31,0.01
0,1,11,5,357,247,0,0,0,0,0,1,0,0,0,0,0,0,0,0,0,0,1,3,0.0,0.0,0.0,0.0,1.0,0.0,0.67,131,255,1.0,0.0,0.01,0.03,0.0,0.0,0.0,0.0
0,1,21,0,0,0,0,0,0,0,0,0,0,0,0,0,0,0,0,0,0,0,218,19,0.0,0.0,1.0,1.0,0.09,0.06,0.0,255,19,0.07,0.07,0.0,0.0,0.0,0.0,1.0,1.0
0,2,21,5,43,0,0,0,0,0,0,0,0,0,0,0,0,0,0,0,0,0,1,1,0.0,0.0,0.0,0.0,1.0,0.0,0.0,255,254,1.0,0.01,0.0,0.0,0.0,0.0,0.0,0.0
0,1,12,1,0,44,0,0,0,0,0,0,0,0,0,0,0,0,0,0,0,0,3,3,0.0,0.0,0.67,1.0,0.33,0.67,1.0,186,59,0.24,0.03,0.01,0.03,0.0,0.0,0.9,0.98
0,1,11,5,218,287,0,0,0,0,0,1,0,0,0,0,0,0,0,0,0,0,15,15,0.0,0.0,0.0,0.0,1.0,0.0,0.0,255,255,1.0,0.0,0.0,0.0,0.0,0.0,0.0,0.0
0,1,11,5,290,2267,0,0,0,0,0,1,0,0,0,0,0,0,0,0,0,0,4,5,0.0,0.0,0.0,0.0,1.0,0.0,0.4,11,254,1.0,0.0,0.09,0.03,0.0,0.0,0.0,0.0
0,2,5,5,42,42,0,0,0,0,0,0,0,0,0,0,0,0,0,0,0,0,4,5,0.0,0.0,0.0,0.0,1.0,0.0,0.4,255,252,0.99,0.01,0.0,0.0,0.0,0.0,0.0,0.0
0,1,21,0,0,0,0,0,0,0,0,0,0,0,0,0,0,0,0,0,0,0,131,5,0.0,0.0,1.0,1.0,0.04,0.06,0.0,255,5,0.02,0.05,0.0,0.0,0.0,0.0,1.0,1.0
0,1,21,0,0,0,0,0,0,0,0,0,0,0,0,0,0,0,0,0,0,0,269,7,0.0,0.0,1.0,1.0,0.03,0.07,0.0,255,7,0.03,0.07,0.0,0.0,0.0,0.0,1.0,1.0
2079,1,11,2,72564,0,0,0,0,0,0,1,0,0,0,0,0,0,0,0,0,0,11,11,0.0,0.0,1.0,1.0,1.0,0.0,0.0,255,237,0.93,0.01,0.0,0.0,0.0,0.0,0.17,0.18
0,0,6,5,8,0,0,0,0,0,0,0,0,0,0,0,0,0,0,0,0,0,1,14,0.0,0.0,0.0,0.0,1.0,0.0,1.0,2,98,1.0,0.0,1.0,0.5,0.0,0.0,0.0,0.0
0,1,25,3,0,0,0,0,0,0,0,0,0,0,0,0,0,0,0,0,0,0,1,9,1.0,0.11,0.0,0.44,1.0,0.0,0.56,160,85,0.34,0.02,0.01,0.02,1.0,1.0,0.0,0.0
0,1,21,0,0,0,0,0,0,0,0,0,0,0,0,0,0,0,0,0,0,0,109,5,0.0,0.0,1.0,1.0,0.05,0.06,0.0,255,5,0.02,0.06,0.0,0.0,0.0,0.0,1.0,1.0
0,1,11,5,244,8745,0,0,0,0,0,1,0,0,0,0,0,0,0,0,0,0,4,4,0.0,0.0,0.0,0.0,1.0,0.0,0.0,206,255,1.0,0.0,0.0,0.01,0.0,0.0,0.0,0.0
7466,1,25,5,0,44,0,0,0,0,0,0,0,0,0,0,0,0,0,0,0,0,1,1,0.0,0.0,0.0,0.0,1.0,0.0,0.0,255,191,0.75,0.24,0.0,0.0,0.5,0.66,0.24,0.01
0,1,25,1,124,188,0,0,0,0,1,0,0,0,0,0,0,0,0,0,0,0,1,1,0.0,0.0,1.0,1.0,1.0,0.0,0.0,255,254,1.0,0.01,0.0,0.0,0.01,0.01,0.02,0.02
0,1,21,3,0,0,0,0,0,0,0,0,0,0,0,0,0,0,0,0,0,0,200,8,1.0,1.0,0.0,0.0,0.04,0.06,0.0,255,8,0.03,0.07,0.0,0.0,1.0,1.0,0.0,0.0
0,0,7,5,1480,0,0,1,0,0,0,0,0,0,0,0,0,0,0,0,0,0,1,3,0.0,0.0,0.0,0.0,1.0,0.0,0.67,90,23,0.01,1.0,0.01,0.52,0.99,0.0,0.0,0.0
1,1,22,5,2599,293,0,0,0,0,0,1,0,0,0,0,0,0,0,0,0,0,3,3,0.0,0.0,0.0,0.0,1.0,0.0,0.0,255,203,0.8,0.13,0.0,0.0,0.0,0.0,0.19,0.0
0,1,11,5,226,651,0,0,0,0,0,1,0,0,0,0,0,0,0,0,0,0,19,21,0.0,0.0,0.0,0.0,1.0,0.0,0.1,166,255,1.0,0.0,0.01,0.04,0.0,0.0,0.0,0.0
0,1,21,0,0,0,0,0,0,0,0,0,0,0,0,0,0,0,0,0,0,0,267,11,0.0,0.0,1.0,1.0,0.04,0.06,0.0,255,11,0.04,0.07,0.0,0.0,0.0,0.0,1.0,1.0
8169,1,25,5,0,15,0,0,0,0,0,0,0,0,0,0,0,0,0,0,0,0,1,1,0.0,0.0,0.0,0.0,1.0,0.0,0.0,255,19,0.07,0.82,0.0,0.0,0.0,0.0,0.8,0.0
0,1,16,0,0,0,0,0,0,0,0,0,0,0,0,0,0,0,0,0,0,0,286,18,0.0,0.0,1.0,1.0,0.06,0.06,0.0,255,18,0.07,0.06,0.0,0.0,0.0,0.0,1.0,1.0
0,1,18,3,0,0,0,0,0,0,0,0,0,0,0,0,0,0,0,0,0,0,179,19,1.0,1.0,0.0,0.0,0.11,0.08,0.0,255,19,0.07,0.08,0.0,0.0,1.0,1.0,0.0,0.0
0,1,21,3,0,0,0,0,0,0,0,0,0,0,0,0,0,0,0,0,0,0,203,14,1.0,1.0,0.0,0.0,0.07,0.06,0.0,255,14,0.05,0.07,0.0,0.0,1.0,1.0,0.0,0.0
0,1,21,0,0,0,0,0,0,0,0,0,0,0,0,0,0,0,0,0,0,0,273,3,0.0,0.0,1.0,1.0,0.01,0.06,0.0,255,3,0.01,0.06,0.0,0.0,0.0,0.0,1.0,1.0
0,1,24,3,0,0,0,0,0,0,0,0,0,0,0,0,0,0,0,0,0,0,239,20,1.0,1.0,0.0,0.0,0.08,0.07,0.0,255,20,0.08,0.08,0.0,0.0,1.0,1.0,0.0,0.0
0,1,19,0,0,0,0,0,0,0,0,0,0,0,0,0,0,0,0,0,0,0,461,1,0.08,0.0,0.92,1.0,0.0,1.0,0.0,255,1,0.0,1.0,0.0,0.0,0.04,0.0,0.96,1.0
0,1,21,1,0,0,0,0,0,0,0,0,0,0,0,0,0,0,0,0,0,0,198,1,0.0,0.0,1.0,1.0,0.01,0.07,0.0,255,1,0.0,0.07,0.0,0.0,0.0,0.0,1.0,1.0
282,1,9,5,162,601,0,0,0,2,0,1,0,0,0,0,0,0,0,0,0,1,1,1,0.0,0.0,0.0,0.0,1.0,0.0,0.0,255,43,0.17,0.03,0.0,0.0,0.27,0.0,0.02,0.0
0,1,12,3,0,0,0,0,0,0,0,0,0,0,0,0,0,0,0,0,0,0,110,9,1.0,1.0,0.0,0.0,0.08,0.07,0.0,255,9,0.04,0.06,0.0,0.0,1.0,1.0,0.0,0.0
0,1,21,3,0,0,0,0,0,0,0,0,0,0,0,0,0,0,0,0,0,0,216,7,1.0,1.0,0.0,0.0,0.03,0.06,0.0,255,7,0.03,0.07,0.0,0.0,1.0,1.0,0.0,0.0
281,1,9,5,158,595,0,0,0,2,0,1,0,0,0,0,0,0,0,0,0,1,1,1,0.0,0.0,0.0,0.0,1.0,0.0,0.0,255,4,0.02,0.21,0.0,0.0,0.0,0.0,0.2,0.0
0,1,11,5,313,8558,0,0,0,0,0,1,0,0,0,0,0,0,0,0,0,0,8,19,0.0,0.0,0.0,0.0,1.0,0.0,0.26,72,255,1.0,0.0,0.01,0.04,0.0,0.0,0.0,0.0
0,1,21,3,0,0,0,0,0,0,0,0,0,0,0,0,0,0,0,0,0,0,158,5,1.0,1.0,0.0,0.0,0.03,0.11,0.0,255,5,0.02,0.1,0.0,0.0,1.0,1.0,0.0,0.0
7526,1,25,5,0,44,0,0,0,0,0,0,0,0,0,0,0,0,0,0,0,0,1,1,0.0,0.0,0.0,0.0,1.0,0.0,0.0,255,187,0.73,0.02,0.0,0.0,0.39,0.39,0.01,0.01
0,1,11,5,285,26746,0,0,0,0,0,1,0,0,0,0,0,0,0,0,0,0,2,3,0.0,0.0,0.0,0.0,1.0,0.0,0.67,67,255,1.0,0.0,0.01,0.04,0.01,0.0,0.0,0.0
0,1,21,0,0,0,0,0,0,0,0,0,0,0,0,0,0,0,0,0,0,0,242,2,0.0,0.0,1.0,1.0,0.01,0.07,0.0,255,2,0.01,0.06,0.0,0.0,0.0,0.0,1.0,1.0
0,1,21,0,0,0,0,0,0,0,0,0,0,0,0,0,0,0,0,0,0,0,272,14,0.0,0.0,1.0,1.0,0.05,0.06,0.0,255,14,0.05,0.06,0.0,0.0,0.0,0.0,1.0,1.0
2079,1,11,2,69644,0,0,0,0,0,0,1,0,0,0,0,0,0,0,0,0,0,12,12,0.0,0.0,1.0,1.0,1.0,0.0,0.0,255,237,0.93,0.01,0.0,0.0,0.0,0.0,0.17,0.19
0,1,11,5,293,771,0,0,0,0,0,1,0,0,0,0,0,0,0,0,0,0,10,35,0.0,0.0,0.0,0.0,1.0,0.0,0.14,255,255,1.0,0.0,0.0,0.0,0.0,0.0,0.0,0.0
0,1,21,0,0,0,0,0,0,0,0,0,0,0,0,0,0,0,0,0,0,0,510,1,0.01,0.0,0.96,1.0,0.0,1.0,0.0,255,1,0.0,1.0,0.0,0.0,0.02,0.0,0.97,1.0
0,1,19,0,0,0,0,0,0,0,0,0,0,0,0,0,0,0,0,0,0,0,444,1,0.05,0.0,0.95,1.0,0.0,1.0,0.0,255,1,0.0,1.0,0.0,0.0,0.04,0.0,0.96,1.0
0,1,25,5,121,174,0,0,0,0,1,0,0,0,0,0,0,0,0,0,0,0,1,1,0.0,0.0,0.0,0.0,1.0,0.0,0.0,255,120,0.47,0.02,0.0,0.0,0.0,0.0,0.01,0.03
1,1,22,5,4030,332,0,0,0,0,0,1,0,0,0,0,0,0,1,0,0,0,1,3,0.0,0.0,0.0,0.0,1.0,0.0,1.0,149,102,0.56,0.03,0.01,0.02,0.0,0.0,0.0,0.0
0,0,7,5,508,0,0,0,0,0,0,0,0,0,0,0,0,0,0,0,0,0,321,321,0.0,0.0,0.0,0.0,1.0,0.0,0.0,255,255,1.0,0.0,1.0,0.0,0.0,0.0,0.0,0.0
0,2,5,5,44,44,0,0,0,0,0,0,0,0,0,0,0,0,0,0,0,0,120,200,0.0,0.0,0.0,0.0,1.0,0.0,0.01,255,255,1.0,0.0,0.01,0.0,0.0,0.0,0.0,0.0
0,1,11,5,274,11522,0,0,0,0,0,1,0,0,0,0,0,0,0,0,0,0,1,2,0.0,0.0,0.0,0.0,1.0,0.0,1.0,1,255,1.0,0.0,1.0,0.03,0.0,0.0,0.0,0.0
0,1,11,5,205,398,0,0,0,0,0,1,0,0,0,0,0,0,0,0,0,0,20,20,0.0,0.0,0.0,0.0,1.0,0.0,0.0,255,255,1.0,0.0,0.0,0.0,0.0,0.0,0.0,0.0
0,2,5,5,44,44,0,0,0,0,0,0,0,0,0,0,0,0,0,0,0,0,139,139,0.0,0.0,0.0,0.0,1.0,0.0,0.0,255,254,1.0,0.01,0.0,0.0,0.0,0.0,0.0,0.0
4,1,20,5,26,93,0,0,0,0,0,1,0,0,0,0,0,0,0,0,0,0,1,1,0.0,0.0,0.0,0.0,1.0,0.0,0.0,255,246,0.96,0.02,0.0,0.0,0.0,0.0,0.01,0.0
0,1,21,0,0,0,0,0,0,0,0,0,0,0,0,0,0,0,0,0,0,0,148,1,0.0,0.0,1.0,1.0,0.01,0.06,0.0,255,1,0.0,0.06,0.0,0.0,0.0,0.0,1.0,1.0
0,1,15,0,0,0,0,0,0,0,0,0,0,0,0,0,0,0,0,0,0,0,233,17,0.0,0.0,1.0,1.0,0.07,0.06,0.0,255,17,0.07,0.07,0.0,0.0,0.0,0.0,1.0,1.0
0,2,5,5,45,45,0,0,0,0,0,0,0,0,0,0,0,0,0,0,0,0,205,204,0.0,0.0,0.0,0.0,1.0,0.01,0.0,255,254,1.0,0.01,0.0,0.0,0.0,0.0,0.0,0.0
0,1,21,0,0,0,0,0,0,0,0,0,0,0,0,0,0,0,0,0,0,0,139,17,0.0,0.0,1.0,1.0,0.12,0.06,0.0,255,17,0.07,0.06,0.0,0.0,0.0,0.0,1.0,1.0
0,1,11,5,389,1071,0,0,0,0,0,1,0,0,0,0,0,0,0,0,0,0,11,12,0.0,0.0,0.0,0.0,1.0,0.0,0.17,255,255,1.0,0.0,0.0,0.0,0.0,0.0,0.0,0.0
7510,1,25,5,0,44,0,0,0,0,0,0,0,0,0,0,0,0,0,0,0,0,1,1,0.0,0.0,0.0,0.0,1.0,0.0,0.0,255,190,0.75,0.02,0.0,0.0,0.38,0.38,0.01,0.01
0,1,8,1,0,0,0,0,0,0,0,0,0,0,0,0,0,0,0,0,0,0,200,13,0.0,0.0,1.0,1.0,0.06,0.06,0.0,255,13,0.05,0.07,0.0,0.0,0.0,0.0,1.0,1.0
0,1,22,5,22568,337,0,0,0,0,0,1,0,0,0,0,0,0,0,0,0,0,1,2,0.0,0.0,0.0,0.0,1.0,0.0,1.0,100,178,0.77,0.04,0.01,0.01,0.0,0.0,0.0,0.0
0,1,11,5,321,3413,0,0,0,0,0,1,0,0,0,0,0,0,0,0,0,0,6,9,0.0,0.0,0.0,0.0,1.0,0.0,0.33,64,255,1.0,0.0,0.02,0.02,0.0,0.0,0.0,0.0
0,2,5,5,44,44,0,0,0,0,0,0,0,0,0,0,0,0,0,0,0,0,2,3,0.0,0.0,0.0,0.0,1.0,0.0,0.67,255,240,0.94,0.01,0.01,0.0,0.0,0.0,0.04,0.0
27,1,9,5,360,1172,0,0,0,7,0,1,0,0,0,0,0,0,0,0,0,1,1,1,0.0,0.0,0.0,0.0,1.0,0.0,0.0,255,89,0.35,0.02,0.0,0.0,0.0,0.0,0.01,0.0
0,1,9,5,26,157,0,0,0,0,1,0,0,0,0,0,0,0,0,0,0,1,1,1,0.0,0.0,0.0,0.0,1.0,0.0,0.0,218,107,0.49,0.03,0.0,0.0,0.0,0.0,0.0,0.0
0,1,0,0,0,0,0,0,0,0,0,0,0,0,0,0,0,0,0,0,0,0,209,4,0.0,0.0,1.0,1.0,0.02,0.07,0.0,255,4,0.02,0.08,0.0,0.0,0.0,0.0,1.0,1.0
0,2,21,5,105,146,0,0,0,0,0,0,0,0,0,0,0,0,0,0,0,0,1,1,0.0,0.0,0.0,0.0,1.0,0.0,0.0,192,191,0.99,0.01,0.01,0.0,0.0,0.0,0.0,0.0
1,1,25,1,0,15,0,0,0,0,0,0,0,0,0,0,0,0,0,0,0,0,1,7,0.0,0.0,1.0,0.57,1.0,0.0,0.57,96,87,0.34,0.05,0.01,0.02,0.0,0.0,0.9,0.7
0,1,11,5,217,668,0,0,0,0,0,1,0,0,0,0,0,0,0,0,0,0,7,14,0.0,0.0,0.0,0.0,1.0,0.0,0.14,9,231,1.0,0.0,0.11,0.06,0.0,0.0,0.0,0.0
0,1,11,3,0,0,0,0,0,0,0,0,0,0,0,0,0,0,0,0,0,0,110,110,1.0,1.0,0.0,0.0,1.0,0.0,0.0,255,255,1.0,0.0,0.0,0.0,0.65,0.65,0.32,0.32
0,1,11,5,197,6356,0,0,0,0,0,1,0,0,0,0,0,0,0,0,0,0,18,19,0.0,0.0,0.0,0.0,1.0,0.0,0.11,255,255,1.0,0.0,0.0,0.0,0.0,0.0,0.0,0.0
0,1,11,5,280,303,0,0,0,0,0,1,0,0,0,0,0,0,0,0,0,0,2,2,0.0,0.0,0.0,0.0,1.0,0.0,0.0,255,250,0.98,0.01,0.0,0.0,0.0,0.0,0.0,0.0
0,1,19,0,0,0,0,0,0,0,0,0,0,0,0,0,0,0,0,0,0,0,445,1,0.09,0.0,0.91,1.0,0.0,1.0,0.0,255,1,0.0,1.0,0.0,0.0,0.03,0.0,0.97,1.0
0,1,29,0,0,0,0,0,0,0,0,0,0,0,0,0,0,0,0,0,0,0,217,9,0.0,0.0,1.0,1.0,0.04,0.07,0.0,255,9,0.04,0.07,0.0,0.0,0.0,0.0,1.0,1.0
0,1,25,4,0,44,0,0,0,0,0,0,0,0,0,0,0,0,0,0,0,0,1,1,1.0,1.0,0.0,0.0,1.0,0.0,0.0,255,141,0.55,0.41,0.0,0.0,0.44,0.8,0.4,0.01
0,1,11,5,353,1203,0,0,0,0,0,1,0,0,0,0,0,0,0,0,0,0,4,4,0.0,0.0,0.0,0.0,1.0,0.0,0.0,255,255,1.0,0.0,0.0,0.0,0.0,0.0,0.0,0.0
0,1,11,5,245,351,0,0,0,0,0,1,0,0,0,0,0,0,0,0,0,0,13,20,0.0,0.0,0.0,0.0,1.0,0.0,0.1,254,255,1.0,0.0,0.0,0.01,0.0,0.0,0.0,0.0
2069,1,11,2,72564,0,0,0,0,0,0,1,0,0,0,0,0,0,0,0,0,0,8,8,0.0,0.0,1.0,1.0,1.0,0.0,0.0,255,244,0.96,0.01,0.0,0.0,0.02,0.02,0.47,0.49
0,1,10,5,12,0,0,0,0,0,0,0,0,0,0,0,0,0,0,0,0,0,1,1,0.0,0.0,0.0,0.0,1.0,0.0,0.0,7,7,1.0,0.0,1.0,0.0,0.0,0.0,0.0,0.0
0,1,11,5,326,3942,0,0,0,0,0,1,0,0,0,0,0,0,0,0,0,0,11,34,0.0,0.0,0.0,0.0,1.0,0.0,0.06,32,255,1.0,0.0,0.03,0.05,0.0,0.0,0.0,0.0
0,1,11,5,276,1183,0,0,0,0,0,1,0,0,0,0,0,0,0,0,0,0,3,3,0.0,0.0,0.0,0.0,1.0,0.0,0.0,47,172,1.0,0.0,0.02,0.02,0.0,0.0,0.0,0.0
0,2,21,5,105,0,0,0,0,0,0,0,0,0,0,0,0,0,0,0,0,0,1,1,0.0,0.0,0.0,0.0,1.0,0.0,0.0,52,51,0.98,0.04,0.02,0.0,0.0,0.0,0.0,0.0
0,0,7,5,1008,0,0,0,0,0,0,0,0,0,0,0,0,0,0,0,0,0,70,70,0.0,0.0,0.0,0.0,1.0,0.0,0.0,255,255,1.0,0.0,1.0,0.0,0.0,0.0,0.0,0.0
0,1,11,5,283,3160,0,0,0,0,0,1,0,0,0,0,0,0,0,0,0,0,26,26,0.0,0.0,0.0,0.0,1.0,0.0,0.0,255,255,1.0,0.0,0.0,0.0,0.0,0.0,0.0,0.0
0,2,5,5,33,0,0,0,0,0,0,0,0,0,0,0,0,0,0,0,0,0,1,2,0.0,0.0,0.0,0.0,1.0,0.0,1.0,255,11,0.04,0.03,0.04,0.0,0.0,0.0,0.02,0.0
0,1,11,5,227,1699,0,0,0,0,0,1,0,0,0,0,0,0,0,0,0,0,7,7,0.0,0.0,0.0,0.0,1.0,0.0,0.0,7,255,1.0,0.0,0.14,0.01,0.0,0.0,0.0,0.0
0,2,21,5,43,0,0,0,0,0,0,0,0,0,0,0,0,0,0,0,0,0,2,2,0.0,0.0,0.0,0.0,1.0,0.0,0.0,255,255,1.0,0.0,0.01,0.0,0.0,0.0,0.0,0.0
0,1,11,5,211,14210,0,0,0,0,0,1,0,0,0,0,0,0,0,0,0,0,13,13,0.0,0.0,0.0,0.0,1.0,0.0,0.0,30,255,1.0,0.0,0.03,0.05,0.0,0.0,0.0,0.0
0,1,11,5,230,327,0,0,0,0,0,1,0,0,0,0,0,0,0,0,0,0,11,21,0.0,0.0,0.0,0.0,1.0,0.0,0.14,218,255,1.0,0.0,0.0,0.01,0.0,0.0,0.0,0.0
0,2,21,5,53,50,0,0,0,0,0,0,0,0,0,0,0,0,0,0,0,0,325,325,0.0,0.0,0.0,0.0,1.0,0.0,0.0,255,255,1.0,0.0,0.93,0.0,0.0,0.0,0.0,0.0
0,1,21,0,0,0,0,0,0,0,0,0,0,0,0,0,0,0,0,0,0,0,195,3,0.0,0.0,1.0,1.0,0.02,0.07,0.0,255,3,0.01,0.07,0.0,0.0,0.0,0.0,1.0,1.0
0,1,11,5,258,2007,0,0,0,0,0,1,0,0,0,0,0,0,0,0,0,0,10,10,0.0,0.0,0.0,0.0,1.0,0.0,0.0,71,255,1.0,0.0,0.01,0.03,0.0,0.0,0.0,0.0
0,1,11,5,54540,8314,0,0,0,2,0,1,1,0,0,0,0,0,0,0,0,0,4,6,0.0,0.0,0.0,0.0,1.0,0.0,0.5,255,254,1.0,0.01,0.0,0.0,0.0,0.0,0.07,0.07
0,1,11,5,276,1973,0,0,0,0,0,1,0,0,0,0,0,0,0,0,0,0,34,34,0.0,0.0,0.0,0.0,1.0,0.0,0.0,255,255,1.0,0.0,0.0,0.0,0.01,0.01,0.0,0.0
0,1,21,3,0,0,0,0,0,0,0,0,0,0,0,0,0,0,0,0,0,0,148,11,1.0,1.0,0.0,0.0,0.07,0.05,0.0,58,11,0.19,0.09,0.02,0.0,1.0,1.0,0.0,0.0
0,2,5,5,44,71,0,0,0,0,0,0,0,0,0,0,0,0,0,0,0,0,178,177,0.0,0.0,0.0,0.0,0.99,0.01,0.0,255,254,1.0,0.01,0.01,0.0,0.0,0.0,0.0,0.0
0,1,11,5,234,773,0,0,0,0,0,1,0,0,0,0,0,0,0,0,0,0,38,38,0.0,0.0,0.0,0.0,1.0,0.0,0.0,255,255,1.0,0.0,0.0,0.0,0.0,0.0,0.0,0.0
0,2,21,5,53,53,0,0,0,0,0,0,0,0,0,0,0,0,0,0,0,0,511,511,0.0,0.0,0.0,0.0,1.0,0.0,0.0,255,255,1.0,0.0,0.78,0.0,0.0,0.0,0.0,0.0
0,1,23,0,0,0,0,0,0,0,0,0,0,0,0,0,0,0,0,0,0,0,1,3,0.0,0.0,1.0,1.0,1.0,0.0,1.0,255,11,0.04,0.03,0.0,0.0,0.0,0.0,0.22,1.0
0,1,10,5,12,0,0,0,0,0,0,0,0,0,0,0,0,0,0,0,0,0,1,1,0.0,0.0,0.0,0.0,1.0,0.0,0.0,8,7,0.88,0.25,0.88,0.0,0.0,0.0,0.0,0.0
0,1,11,5,306,55311,0,0,0,1,0,1,0,1,0,0,0,0,0,0,0,0,6,9,0.0,0.0,0.0,0.0,1.0,0.0,0.22,255,255,1.0,0.0,0.0,0.0,0.0,0.0,0.0,0.0
0,1,1,0,0,0,0,0,0,0,0,0,0,0,0,0,0,0,0,0,0,0,202,10,0.0,0.0,1.0,1.0,0.05,0.06,0.0,255,10,0.04,0.06,0.0,0.0,0.0,0.0,1.0,1.0
0,0,7,5,1480,0,0,1,0,0,0,0,0,0,0,0,0,0,0,0,0,0,1,3,0.0,0.0,0.0,0.0,1.0,0.0,0.67,1,39,1.0,0.0,1.0,0.51,0.0,0.0,0.0,0.0
0,1,11,3,0,0,0,0,0,0,0,0,0,0,0,0,0,0,0,0,0,0,35,35,0.26,0.26,0.74,0.74,1.0,0.0,0.0,255,255,1.0,0.0,0.0,0.0,0.05,0.05,0.68,0.68
0,2,21,5,53,50,0,0,0,0,0,0,0,0,0,0,0,0,0,0,0,0,505,505,0.0,0.0,0.0,0.0,1.0,0.0,0.0,255,255,1.0,0.0,0.85,0.0,0.0,0.0,0.0,0.0
902,1,11,2,57964,0,0,0,0,0,0,1,0,0,0,0,0,0,0,0,0,0,42,42,0.02,0.02,0.95,0.95,1.0,0.0,0.0,255,255,1.0,0.0,0.0,0.0,0.0,0.0,0.16,0.16
0,1,25,5,0,0,0,0,0,0,0,0,0,0,0,0,0,0,0,0,0,0,1,2,0.0,0.5,0.0,0.0,1.0,0.0,1.0,255,128,0.5,0.01,0.0,0.0,0.0,0.0,0.65,0.31
1,1,22,5,1376,343,0,0,0,0,0,1,0,0,0,0,0,0,0,0,0,0,1,2,0.0,0.0,0.0,0.0,1.0,0.0,1.0,96,65,0.68,0.04,0.01,0.0,0.0,0.0,0.0,0.0
0,2,5,5,44,44,0,0,0,0,0,0,0,0,0,0,0,0,0,0,0,0,80,160,0.0,0.0,0.0,0.0,1.0,0.0,0.01,255,254,1.0,0.01,0.01,0.0,0.0,0.0,0.0,0.0
0,1,11,3,0,0,0,0,0,0,0,0,0,0,0,0,0,0,0,0,0,0,29,29,0.79,0.79,0.17,0.17,1.0,0.0,0.0,255,255,1.0,0.0,0.0,0.0,0.14,0.14,0.7,0.7
0,1,21,0,0,0,0,0,0,0,0,0,0,0,0,0,0,0,0,0,0,0,124,12,0.0,0.0,1.0,1.0,0.1,0.07,0.0,255,12,0.05,0.06,0.0,0.0,0.0,0.0,1.0,1.0
0,1,21,3,0,0,0,0,0,0,0,0,0,0,0,0,0,0,0,0,0,0,117,11,1.0,1.0,0.0,0.0,0.09,0.07,0.0,255,11,0.04,0.06,0.0,0.0,1.0,1.0,0.0,0.0
0,1,11,5,175,1724,0,0,0,0,0,1,0,0,0,0,0,0,0,0,0,0,1,15,0.0,0.0,0.0,0.0,1.0,0.0,0.13,255,210,0.82,0.07,0.0,0.0,0.01,0.0,0.13,0.0
282,1,9,5,164,599,0,0,0,2,0,1,0,0,0,0,0,0,0,0,0,1,1,1,0.0,0.0,0.0,0.0,1.0,0.0,0.0,255,16,0.06,0.79,0.0,0.0,0.0,0.0,0.77,0.0
0,1,21,3,0,0,0,0,0,0,0,0,0,0,0,0,0,0,0,0,0,0,224,2,1.0,1.0,0.0,0.0,0.01,0.07,0.0,255,2,0.01,0.07,0.0,0.0,1.0,1.0,0.0,0.0
0,1,17,3,0,0,0,0,0,0,0,0,0,0,0,0,0,0,0,0,0,0,234,2,1.0,1.0,0.0,0.0,0.01,0.07,0.0,255,2,0.01,0.07,0.0,0.0,1.0,1.0,0.0,0.0
0,1,11,5,342,665,0,0,0,0,0,1,0,0,0,0,0,0,0,0,0,0,9,10,0.0,0.0,0.0,0.0,1.0,0.0,0.2,33,255,1.0,0.0,0.06,0.05,0.0,0.0,0.0,0.0
1,1,22,5,1500,332,0,0,0,0,0,1,0,0,0,0,0,0,0,0,0,0,1,3,0.0,0.0,0.0,0.0,1.0,0.0,1.0,193,218,0.82,0.03,0.01,0.01,0.0,0.0,0.0,0.0
0,1,22,5,1710,366,0,0,0,0,0,1,0,0,0,0,0,0,0,0,0,0,1,3,0.0,0.0,0.0,0.0,1.0,0.0,1.0,255,142,0.56,0.02,0.0,0.0,0.0,0.0,0.0,0.0
4,1,20,5,28,93,0,0,0,0,0,1,0,0,0,0,0,0,0,0,0,0,1,1,0.0,0.0,0.0,0.0,1.0,0.0,0.0,146,129,0.88,0.02,0.01,0.02,0.0,0.0,0.07,0.0
0,1,11,5,140,4267,0,0,0,0,0,1,0,0,0,0,0,0,0,0,0,0,1,2,0.0,0.0,0.0,0.0,1.0,0.0,1.0,1,255,1.0,0.0,1.0,0.04,0.0,0.0,0.0,0.0
0,1,21,3,0,0,0,0,0,0,0,0,0,0,0,0,0,0,0,0,0,0,189,17,1.0,1.0,0.0,0.0,0.09,0.08,0.0,255,17,0.07,0.08,0.0,0.0,1.0,1.0,0.0,0.0
0,1,19,0,0,0,0,0,0,0,0,0,0,0,0,0,0,0,0,0,0,0,509,1,0.14,0.0,0.86,1.0,0.0,1.0,0.0,255,1,0.0,0.98,0.0,0.0,0.12,0.0,0.88,1.0
0,1,25,3,0,0,0,0,0,0,0,0,0,0,0,0,0,0,0,0,0,0,1,6,1.0,0.33,0.0,0.33,1.0,0.0,0.67,7,3,0.43,0.43,0.14,0.0,1.0,1.0,0.0,0.0
0,1,11,5,245,4461,0,0,0,0,0,1,0,0,0,0,0,0,0,0,0,0,9,9,0.0,0.0,0.0,0.0,1.0,0.0,0.0,222,255,1.0,0.0,0.01,0.01,0.0,0.0,0.0,0.0
281,1,9,5,164,599,0,0,0,2,0,1,0,0,0,0,0,0,0,0,0,1,1,1,0.0,0.0,0.0,0.0,1.0,0.0,0.0,255,14,0.05,0.69,0.0,0.0,0.0,0.0,0.68,0.0
0,1,11,5,235,12823,0,0,0,0,0,1,0,0,0,0,0,0,0,0,0,0,2,2,0.0,0.0,0.0,0.0,1.0,0.0,0.0,255,255,1.0,0.0,0.0,0.0,0.0,0.0,0.0,0.0
0,1,11,5,353,4627,0,0,0,0,0,1,0,0,0,0,0,0,0,0,0,0,20,20,0.0,0.0,0.0,0.0,1.0,0.0,0.0,255,255,1.0,0.0,0.0,0.0,0.0,0.0,0.0,0.0
0,1,10,5,12,0,0,0,0,0,0,0,0,0,0,0,0,0,0,0,0,0,1,1,0.0,0.0,0.0,0.0,1.0,0.0,0.0,22,5,0.23,0.09,0.23,0.0,0.0,0.0,0.0,0.0
0,1,11,5,265,3528,0,0,0,0,0,1,0,0,0,0,0,0,0,0,0,0,10,10,0.0,0.0,0.0,0.0,1.0,0.0,0.0,18,179,1.0,0.0,0.06,0.04,0.0,0.0,0.0,0.0
0,1,21,0,0,0,0,0,0,0,0,0,0,0,0,0,0,0,0,0,0,0,252,19,0.0,0.0,1.0,1.0,0.08,0.06,0.0,138,19,0.14,0.09,0.01,0.0,0.0,0.0,1.0,1.0
0,1,25,1,0,0,0,0,0,0,0,0,0,0,0,0,0,0,0,0,0,0,266,17,0.0,0.0,1.0,1.0,0.06,0.06,0.0,255,17,0.07,0.07,0.0,0.0,0.0,0.0,1.0,1.0
0,1,21,3,0,0,0,0,0,0,0,0,0,0,0,0,0,0,0,0,0,0,294,16,1.0,1.0,0.0,0.0,0.05,0.06,0.0,255,16,0.06,0.06,0.0,0.0,1.0,1.0,0.0,0.0
0,1,9,5,26,157,0,0,0,0,1,0,0,0,0,0,0,0,0,0,0,1,1,1,0.0,0.0,0.0,0.0,1.0,0.0,0.0,179,85,0.47,0.03,0.01,0.0,0.0,0.0,0.0,0.0
0,2,5,5,44,44,0,0,0,0,0,0,0,0,0,0,0,0,0,0,0,0,5,4,0.0,0.0,0.0,0.0,0.8,0.4,0.0,255,212,0.83,0.01,0.01,0.0,0.0,0.0,0.0,0.0
0,1,11,5,328,2404,0,0,0,0,0,1,0,0,0,0,0,0,0,0,0,0,2,9,0.0,0.0,0.0,0.0,1.0,0.0,0.22,193,255,1.0,0.0,0.01,0.04,0.0,0.0,0.0,0.0
0,0,6,5,18,0,0,0,0,0,0,0,0,0,0,0,0,0,0,0,0,0,1,1,0.0,0.0,0.0,0.0,1.0,0.0,0.0,1,50,1.0,0.0,1.0,1.0,0.0,0.0,0.0,0.0
0,1,27,0,0,0,0,0,0,0,0,0,0,0,0,0,0,0,0,0,0,0,211,15,0.0,0.0,1.0,1.0,0.07,0.08,0.0,255,15,0.06,0.08,0.0,0.0,0.0,0.0,1.0,1.0
0,1,11,5,347,521,0,0,0,0,0,1,0,0,0,0,0,0,0,0,0,0,4,4,0.0,0.0,0.0,0.0,1.0,0.0,0.0,255,255,1.0,0.0,0.0,0.0,0.0,0.0,0.0,0.0
0,1,21,3,0,0,0,0,0,0,0,0,0,0,0,0,0,0,0,0,0,0,216,17,1.0,1.0,0.0,0.0,0.08,0.06,0.0,255,17,0.07,0.06,0.0,0.0,1.0,1.0,0.0,0.0
0,1,21,2,0,0,0,0,0,0,0,0,0,0,0,0,0,0,0,0,0,0,1,1,0.0,0.0,1.0,1.0,1.0,0.0,0.0,133,1,0.01,0.65,0.64,0.0,0.0,0.0,0.65,1.0
0,1,21,0,0,0,0,0,0,0,0,0,0,0,0,0,0,0,0,0,0,0,145,17,0.0,0.0,1.0,1.0,0.12,0.06,0.0,244,17,0.07,0.05,0.0,0.0,0.0,0.0,1.0,1.0
0,2,21,5,52,55,0,0,0,0,0,0,0,0,0,0,0,0,0,0,0,0,508,508,0.0,0.0,0.0,0.0,1.0,0.0,0.0,255,255,1.0,0.0,0.82,0.0,0.0,0.0,0.0,0.0
0,1,25,0,0,0,0,0,0,0,0,0,0,0,0,0,0,0,0,0,0,0,1,24,0.0,0.12,1.0,0.83,1.0,0.0,0.92,238,14,0.02,0.03,0.0,0.14,0.0,0.0,0.02,0.43
0,1,11,5,268,16193,0,0,0,0,0,1,0,0,0,0,0,0,0,0,0,0,4,4,0.0,0.0,0.0,0.0,1.0,0.0,0.0,51,255,1.0,0.0,0.02,0.02,0.0,0.0,0.0,0.0
0,1,21,1,0,0,0,0,0,0,0,0,0,0,0,0,0,0,0,0,0,0,140,17,0.0,0.0,1.0,1.0,0.12,0.06,0.0,255,17,0.07,0.05,0.0,0.0,0.0,0.0,1.0,1.0
0,1,21,0,0,0,0,0,0,0,0,0,0,0,0,0,0,0,0,0,0,0,212,19,0.0,0.0,1.0,1.0,0.09,0.07,0.0,255,19,0.07,0.06,0.0,0.0,0.0,0.0,1.0,1.0
0,2,21,5,46,51,0,0,0,0,0,0,0,0,0,0,0,0,0,0,0,0,20,20,0.0,0.0,0.0,0.0,1.0,0.0,0.0,255,255,1.0,0.0,0.07,0.0,0.0,0.0,0.0,0.0
280,1,10,5,283618,0,0,0,0,0,0,0,0,0,0,0,0,0,0,0,0,0,1,1,0.0,0.0,0.0,0.0,1.0,0.0,0.0,22,9,0.14,0.09,0.14,0.33,0.0,0.0,0.0,0.0
0,1,10,5,12,0,0,0,0,0,0,0,0,0,0,0,0,0,0,0,0,0,1,1,0.0,0.0,0.0,0.0,1.0,0.0,0.0,8,15,0.88,0.25,0.88,0.13,0.0,0.0,0.0,0.0
0,1,12,3,0,0,0,0,0,0,0,0,0,0,0,0,0,0,0,0,0,0,1,3,1.0,1.0,0.0,0.0,1.0,0.0,1.0,148,86,0.34,0.02,0.01,0.02,1.0,1.0,0.0,0.0
0,1,8,3,0,0,0,0,0,0,0,0,0,0,0,0,0,0,0,0,0,0,290,16,1.0,1.0,0.0,0.0,0.06,0.06,0.0,255,16,0.06,0.07,0.0,0.0,1.0,1.0,0.0,0.0
0,1,11,5,205,655,0,0,0,0,0,1,0,0,0,0,0,0,0,0,0,0,41,43,0.0,0.0,0.0,0.0,1.0,0.0,0.07,255,255,1.0,0.0,0.0,0.0,0.0,0.0,0.0,0.0
282,1,9,5,158,595,0,0,0,2,0,1,0,0,0,0,0,0,0,0,0,1,1,1,0.0,0.0,0.0,0.0,1.0,0.0,0.0,255,16,0.06,0.76,0.0,0.0,0.0,0.06,0.73,0.0
0,1,21,0,0,0,0,0,0,0,0,0,0,0,0,0,0,0,0,0,0,0,221,2,0.0,0.0,1.0,1.0,0.01,0.08,0.0,255,2,0.01,0.08,0.0,0.0,0.0,0.0,1.0,1.0
0,1,11,5,238,780,0,0,0,0,0,1,0,0,0,0,0,0,0,0,0,0,18,19,0.0,0.0,0.0,0.0,1.0,0.0,0.11,18,98,1.0,0.0,0.06,0.07,0.0,0.0,0.0,0.0
0,1,25,4,0,44,0,0,0,0,0,0,0,0,0,0,0,0,0,0,0,0,1,1,1.0,1.0,0.0,0.0,1.0,0.0,0.0,255,60,0.24,0.68,0.0,0.0,0.14,0.58,0.67,0.0
0,1,11,5,256,22095,0,0,0,0,0,1,0,0,0,0,0,0,0,0,0,0,13,13,0.0,0.0,0.0,0.0,1.0,0.0,0.0,255,255,1.0,0.0,0.01,0.0,0.0,0.0,0.0,0.0
0,1,19,0,0,0,0,0,0,0,0,0,0,0,0,0,0,0,0,0,0,0,2,1,0.0,0.0,0.5,1.0,0.5,1.0,0.0,255,1,0.0,0.02,0.0,0.0,0.0,0.0,0.0,1.0
0,1,20,1,0,36,0,0,0,0,0,1,0,0,0,0,0,0,0,0,0,0,1,1,0.0,0.0,1.0,1.0,1.0,0.0,0.0,181,59,0.24,0.03,0.01,0.03,0.0,0.0,0.88,1.0
0,1,11,5,245,3258,0,0,0,0,0,1,0,0,0,0,0,0,0,0,0,0,3,52,0.0,0.0,0.0,0.0,1.0,0.0,0.1,18,255,1.0,0.0,0.06,0.01,0.0,0.0,0.0,0.0
0,1,11,5,362,677,0,0,0,0,0,1,0,0,0,0,0,0,0,0,0,0,10,10,0.0,0.0,0.0,0.0,1.0,0.0,0.0,106,231,1.0,0.0,0.01,0.03,0.0,0.0,0.0,0.0
0,2,21,5,54,53,0,0,0,0,0,0,0,0,0,0,0,0,0,0,0,0,511,511,0.0,0.0,0.0,0.0,1.0,0.0,0.0,255,255,1.0,0.0,0.98,0.0,0.0,0.0,0.0,0.0
0,1,23,0,0,0,0,0,0,0,0,0,0,0,0,0,0,0,0,0,0,0,3,7,0.0,0.0,1.0,1.0,0.33,1.0,1.0,255,17,0.07,0.03,0.0,0.0,0.01,0.0,0.34,1.0
0,1,11,5,328,2433,0,0,0,0,0,1,0,0,0,0,0,0,0,0,0,0,3,4,0.0,0.0,0.0,0.0,1.0,0.0,0.5,118,255,1.0,0.0,0.01,0.05,0.0,0.0,0.0,0.0
0,1,28,0,0,0,0,0,0,0,0,0,0,0,0,0,0,0,0,0,0,0,290,16,0.0,0.0,1.0,1.0,0.06,0.06,0.0,255,16,0.06,0.06,0.0,0.0,0.0,0.0,1.0,1.0
